Years,Sea Surface Temperature Anomaly,Sea-Ice-Extent On January1,Carbon Dioxide (ppm),,
2010,0.6127182,13.205,390,,40
2011,0.4286736,12.896,392,,42
2012,0.528696,7.572,394,,44
2013,0.5846742,12.959,397,,47
2014,0.7512552,8.546,399,,49
2015,0.935577,13.073,402,,52
